request_id,amount_safe_to_pay,affordability_status,recommended_payment_method,payment_plan,earliest_date_for_full_payment,spending_changes_needed,decision_explanation
request_26,15656000,affordable_now,full_payment,2025-08-03:15656000,2025-08-03,none,"Pay IDR 15,656,000 today. This leaves at least IDR 24,768,300 available over the next 90 days."
request_27,6670,affordable_now,full_payment,2026-07-05:6670,2026-07-05,none,"Pay ZAR 6,670 today. This leaves at least ZAR 20,500 available over the next 90 days."
request_28,289.23,affordable_later,wait,2024-08-15:1302.40,2024-08-15,none,"Pay EUR 1,302.40 in full on 15 August 2024. Paying earlier would take the balance below the EUR 1,100 minimum."
request_29,51524,affordable_now,full_payment,2025-11-04:51524,2025-11-04,none,"Pay ZAR 51,524 today. This leaves at least ZAR 28,300 available over the next 90 days."
request_30,282.04,not_affordable,not_recommended,none,,none,Do not make this payment by 6 June 2026. None of the available options keeps the USD 900 minimum protected.
request_31,3191202.63,affordable_later,wait,2024-11-15:18164000,2024-11-15,none,"Pay IDR 18,164,000 in full on 15 November 2024. Paying earlier would take the balance below the IDR 16,588,900 minimum."
request_32,16787.62,not_affordable,not_recommended,none,,none,"Do not make this payment by 15 April 2025. None of the available options keeps the ZAR 35,700 minimum protected."
request_33,42463.44,affordable_later,wait,2026-03-15:118000,2026-03-15,none,"Pay INR 118,000 in full on 15 March 2026. Paying earlier would take the balance below the INR 102,100 minimum."
request_34,72904.63,not_affordable,not_recommended,none,,none,"Do not make this payment by 28 January 2025. None of the available options keeps the INR 138,500 minimum protected."
request_35,27261.36,affordable_later,wait,2026-01-15:212000,2026-01-15,none,"Pay INR 212,000 in full on 15 January 2026. Paying earlier would take the balance below the INR 106,400 minimum."
request_36,442.02,affordable_later,wait,2026-09-15:3954,2026-09-15,none,"Pay USD 3,954 in full on 15 September 2026. Paying earlier would take the balance below the USD 2,400 minimum."
request_37,3826382.63,not_affordable,not_recommended,none,,none,"Do not make this payment by 15 May 2024. None of the available options keeps the IDR 17,056,200 minimum protected."
request_38,202.75,affordable_later,wait,2025-10-15:971.30,2025-10-15,none,Pay EUR 971.30 in full on 15 October 2025. Paying earlier would take the balance below the EUR 400 minimum.
request_39,121395.18,affordable_later,wait,2026-06-15:208600,2026-06-15,none,"Pay INR 208,600 in full on 15 June 2026. Paying earlier would take the balance below the INR 213,400 minimum."
request_40,355.73,not_affordable,not_recommended,none,,none,"Do not make this payment by 15 August 2024. None of the available options keeps the EUR 1,500 minimum protected."
request_41,9734272.92,affordable_later,wait,2026-01-15:38760000,2026-01-15,none,"Pay IDR 38,760,000 in full on 15 January 2026. Paying earlier would take the balance below the IDR 25,366,600 minimum."
request_42,23082.67,not_affordable,not_recommended,none,,none,"Do not make this payment by 15 March 2026. None of the available options keeps the INR 113,100 minimum protected."
request_43,8273626.88,affordable_later,wait,2024-11-15:43339000,2024-11-15,none,"Pay IDR 43,339,000 in full on 15 November 2024. Paying earlier would take the balance below the IDR 21,398,000 minimum."
request_44,25158.74,not_affordable,not_recommended,none,,none,"Do not make this payment by 15 April 2025. None of the available options keeps the INR 82,900 minimum protected."
request_45,4528706.96,affordable_later,wait,2026-09-15:21983000,2026-09-15,none,"Pay IDR 21,983,000 in full on 15 September 2026. Paying earlier would take the balance below the IDR 11,149,800 minimum."
request_46,49450,affordable_with_plan,installments,2024-12-03:25714|2024-12-31:25714,2024-12-03,none,"Use 2 installments of INR 25,714, starting 3 December 2024. This leaves at least INR 84,000 available."
request_47,2567416.53,not_affordable,not_recommended,none,,none,"Do not make this payment by 19 June 2025. None of the available options keeps the IDR 30,049,000 minimum protected."
request_48,45700,affordable_now,full_payment,2026-07-25:45700,2026-07-25,none,"Pay INR 45,700 today. This leaves at least INR 71,300 available over the next 90 days."
request_49,12655596.66,not_affordable,not_recommended,none,2024-05-15,none,"Do not make this payment by 22 May 2024. None of the available options keeps the IDR 20,275,700 minimum protected."
request_50,42646.90,affordable_with_plan,full_payment,2025-08-06:43900,2025-10-15,stop:event_4679,"Stop the cloud storage plan, then pay INR 43,900 today. This leaves at least INR 99,700 available."
request_51,2191000,affordable_now,full_payment,2026-01-03:2191000,2026-01-03,none,"Pay IDR 2,191,000 today. This leaves at least IDR 7,811,000 available over the next 90 days."
request_52,23805.80,affordable_later,wait,2024-06-15:28870,2024-06-15,none,"Pay INR 28,870 in full on 15 June 2024. Paying earlier would take the balance below the INR 41,500 minimum."
request_53,464.04,not_affordable,not_recommended,none,2026-01-15,none,"Do not make this payment by 20 January 2026. None of the available options keeps the USD 2,100 minimum protected."
request_54,5713.52,not_affordable,not_recommended,none,,none,"Do not make this payment by 21 August 2026. None of the available options keeps the ZAR 37,000 minimum protected."
request_55,128738.85,affordable_with_plan,installments,2026-06-11:75781.33|2026-07-12:75781.33|2026-08-12:75781.33,2026-07-15,none,"Use 3 installments of INR 75,781.33, starting 11 June 2026. This leaves at least INR 124,300 available."
request_56,538.67,affordable_with_plan,partial_payment,2025-02-03:538.67|2025-02-15:342.89,2025-02-15,none,"Pay USD 538.67 today and the remaining USD 342.89 on 15 February 2025. This completes the full request and keeps the USD 2,100 minimum protected."
request_57,12819.59,affordable_later,wait,2026-06-15:61446,2026-06-15,none,"Pay ZAR 61,446 in full on 15 June 2026. Paying earlier would take the balance below the ZAR 42,700 minimum."
request_58,15834746.19,affordable_with_plan,full_payment,2024-12-07:16226000,2025-02-15,stop:event_5357,"Stop the food delivery membership, then pay IDR 16,226,000 today. This leaves at least IDR 14,433,900 available."
request_59,140600,affordable_with_plan,installments,2025-05-07:48741.33|2025-06-04:48741.33|2025-07-02:48741.33,2025-05-04,none,"Use 3 installments of INR 48,741.33, starting 7 May 2025. This leaves at least INR 132,600 available."
request_60,0,not_affordable,not_recommended,none,,none,Do not make this payment by 4 March 2026. None of the available options keeps the USD 400 minimum protected.
request_61,29062,affordable_with_plan,installments,2024-03-17:10074.83|2024-04-17:10074.83|2024-05-18:10074.83,2024-03-03,none,"Use 3 installments of ZAR 10,074.83, starting 17 March 2024. This leaves at least ZAR 36,700 available."
request_62,21.98,not_affordable,not_recommended,none,,none,"Do not proceed with the USD 404.23 request. Although USD 21.98 is available today, the full amount cannot be completed safely within 90 days."
request_63,37534.99,not_affordable,not_recommended,none,,none,"Do not proceed with the INR 343,900 request. Although INR 37,534.99 is available today, the full amount cannot be completed safely within 90 days."
request_64,0,not_affordable,not_recommended,none,,none,"Do not make this payment by 16 August 2024. None of the available options keeps the INR 36,100 minimum protected."
request_65,7083.93,not_affordable,not_recommended,none,,none,"Do not proceed with the ZAR 54,340 request. Although ZAR 7,083.93 is available today, the full amount cannot be completed safely within 90 days."
request_66,22200,affordable_now,full_payment,2026-04-03:22200,2026-04-03,none,"Pay INR 22,200 today. This leaves at least INR 80,700 available over the next 90 days."
request_67,358.30,affordable_later,wait,2024-11-15:2094,2024-11-15,none,"Pay USD 2,094 in full on 15 November 2024. Paying earlier would take the balance below the USD 1,200 minimum."
request_68,1333.62,not_affordable,not_recommended,none,2025-04-23,none,"Do not make this payment by 16 April 2025. None of the available options keeps the USD 1,500 minimum protected."
request_69,529.10,affordable_now,full_payment,2026-01-04:529.10,2026-01-04,none,Pay EUR 529.10 today. This leaves at least EUR 700 available over the next 90 days.
request_70,50476.80,affordable_later,wait,2025-02-15:243900,2025-02-15,none,"Pay INR 243,900 in full on 15 February 2025. Paying earlier would take the balance below the INR 115,000 minimum."
request_71,244128.26,not_affordable,not_recommended,none,,none,"Do not make this payment by 28 May 2025. None of the available options keeps the IDR 8,884,800 minimum protected."
request_72,11330,affordable_now,full_payment,2026-07-05:11330,2026-07-05,none,"Pay ZAR 11,330 today. This leaves at least ZAR 12,200 available over the next 90 days."
request_73,71400,affordable_now,full_payment,2023-01-20:71400,2023-01-20,none,"Pay INR 71,400 today. This leaves at least INR 103,200 available over the next 90 days."
request_74,5010,affordable_now,full_payment,2025-08-04:5010,2025-08-04,none,"Pay ZAR 5,010 today. This leaves at least ZAR 21,900 available over the next 90 days."
request_75,13211.67,not_affordable,not_recommended,none,,none,"Do not make this payment by 12 June 2026. None of the available options keeps the ZAR 39,000 minimum protected."
request_76,324.32,not_affordable,not_recommended,none,,none,"Do not make this payment by 30 July 2024. None of the available options keeps the USD 1,800 minimum protected."
request_77,59542.65,affordable_later,wait,2025-11-15:60700,2025-11-15,none,"Pay INR 60,700 in full on 15 November 2025. Paying earlier would take the balance below the INR 82,200 minimum."
request_78,43634.36,affordable_later,wait,2025-11-15:50200,2025-11-15,none,"Pay INR 50,200 in full on 15 November 2025. Paying earlier would take the balance below the INR 55,200 minimum."
request_79,614.80,not_affordable,not_recommended,none,,none,"Do not proceed with the EUR 2,151.60 request. Although EUR 614.80 is available today, the full amount cannot be completed safely within 90 days."
request_80,0,not_affordable,not_recommended,none,,none,"Do not make this payment by 21 February 2025. None of the available options keeps the INR 121,300 minimum protected."
request_81,2076,affordable_now,full_payment,2026-07-03:2076,2026-07-03,none,"Pay USD 2,076 today. This leaves at least USD 1,600 available over the next 90 days."
request_82,356.13,affordable_later,wait,2025-02-15:1405.20,2025-02-15,none,"Pay USD 1,405.20 in full on 15 February 2025. Paying earlier would take the balance below the USD 1,100 minimum."
request_83,10190.86,not_affordable,not_recommended,none,,none,"Do not make this payment by 17 June 2025. None of the available options keeps the INR 37,800 minimum protected."
request_84,27332.62,affordable_later,wait,2026-06-15:95400,2026-06-15,none,"Pay INR 95,400 in full on 15 June 2026. Paying earlier would take the balance below the INR 91,300 minimum."
request_85,842534.16,not_affordable,not_recommended,none,,none,"Do not make this payment by 26 April 2024. None of the available options keeps the IDR 6,396,300 minimum protected."
request_86,46300,affordable_now,full_payment,2025-08-03:46300,2025-08-03,none,"Pay INR 46,300 today. This leaves at least INR 84,900 available over the next 90 days."
request_87,16918.39,not_affordable,not_recommended,none,,none,"Do not make this payment by 15 March 2026. None of the available options keeps the INR 185,900 minimum protected."
request_88,10735.77,affordable_with_plan,installments,2024-06-14:9045.23|2024-07-15:9045.23|2024-08-15:9045.23,2024-07-15,none,"Use 3 installments of ZAR 9,045.23, starting 14 June 2024. This leaves at least ZAR 25,800 available."
request_89,9392480.17,not_affordable,not_recommended,none,2026-01-15,none,"Do not make this payment by 15 January 2026. None of the available options keeps the IDR 12,534,700 minimum protected."
request_90,2560,affordable_now,full_payment,2026-07-06:2560,2026-07-06,none,"Pay ZAR 2,560 today. This leaves at least ZAR 7,600 available over the next 90 days."
request_91,426.58,affordable_later,wait,2024-11-15:1927.20,2024-11-15,none,"Pay EUR 1,927.20 in full on 15 November 2024. Paying earlier would take the balance below the EUR 2,100 minimum."
request_92,34034,affordable_now,full_payment,2025-02-05:34034,2025-02-05,none,"Pay ZAR 34,034 today. This leaves at least ZAR 28,100 available over the next 90 days."
request_93,1729.20,affordable_now,full_payment,2026-04-07:1729.20,2026-04-07,none,"Pay USD 1,729.20 today. This leaves at least USD 1,900 available over the next 90 days."
request_94,572,affordable_now,full_payment,2024-12-04:572,2024-12-04,none,Pay EUR 572 today. This leaves at least EUR 600 available over the next 90 days.
request_95,13496.62,not_affordable,not_recommended,none,,none,"Do not make this payment by 14 July 2025. None of the available options keeps the INR 145,500 minimum protected."
request_96,70990.01,not_affordable,not_recommended,none,2026-02-15,none,"Do not make this payment by 12 March 2026. None of the available options keeps the INR 56,500 minimum protected."
request_97,1599.79,affordable_with_plan,installments,2024-03-19:8145.28|2024-04-19:8145.28|2024-05-20:8145.28,2024-04-15,none,"Use 3 installments of ZAR 8,145.28, starting 19 March 2024. This leaves at least ZAR 29,700 available."
request_98,6851.53,affordable_later,wait,2025-10-15:27148,2025-10-15,none,"Pay ZAR 27,148 in full on 15 October 2025. Paying earlier would take the balance below the ZAR 30,000 minimum."
request_99,17445.43,affordable_with_plan,full_payment,2026-07-04:18062,2026-07-15,reduce_to:event_9188:525.80|reduce_to:event_9232:1065.90,"Reduce the family streaming plan to ZAR 525.80 and reduce the family dinner to ZAR 1,065.90, then pay ZAR 18,062 today. This leaves at least ZAR 49,100 available."
request_100,25169.04,not_affordable,not_recommended,none,2024-07-15,none,"Do not make this payment by 16 August 2024. None of the available options keeps the ZAR 32,500 minimum protected."
request_101,143500,affordable_now,full_payment,2025-11-03:143500,2025-11-03,none,"Pay INR 143,500 today. This leaves at least INR 187,400 available over the next 90 days."
request_102,1716,affordable_with_plan,installments,2026-04-05:594.88|2026-05-05:594.88|2026-06-04:594.88,2026-04-05,none,"Use 3 installments of EUR 594.88, starting 5 April 2026. This leaves at least EUR 900 available."
request_103,3317.92,not_affordable,not_recommended,none,,none,"Do not make this payment by 7 October 2024. None of the available options keeps the INR 125,500 minimum protected."
request_104,7188.27,not_affordable,not_recommended,none,,none,"Do not make this payment by 15 April 2025. None of the available options keeps the ZAR 24,700 minimum protected."
request_105,51146.87,affordable_with_plan,full_payment,2026-06-08:53500,2026-06-15,reduce_to:event_9720:1632,"Reduce the household shopping to INR 1,632, then pay INR 53,500 today. This leaves at least INR 73,900 available."
request_106,987.92,affordable_later,wait,2025-01-15:2207.70,2025-01-15,none,"Pay EUR 2,207.70 in full on 15 January 2025. Paying earlier would take the balance below the EUR 1,200 minimum."
request_107,0,not_affordable,not_recommended,none,,none,"Do not make this payment by 4 July 2025. None of the available options keeps the EUR 1,600 minimum protected."
request_108,1717.39,not_affordable,not_recommended,none,,none,"Do not make this payment by 26 July 2026. None of the available options keeps the ZAR 24,100 minimum protected."
request_109,546.11,not_affordable,not_recommended,none,2024-05-15,none,"Do not make this payment by 26 May 2024. None of the available options keeps the EUR 1,700 minimum protected."
request_110,17912.16,not_affordable,not_recommended,none,,none,"Do not make this payment by 11 October 2025. None of the available options keeps the ZAR 11,200 minimum protected."
request_111,16625000,affordable_now,full_payment,2026-04-03:16625000,2026-04-03,none,"Pay IDR 16,625,000 today. This leaves at least IDR 23,022,800 available over the next 90 days."
request_112,271.70,affordable_now,full_payment,2024-06-05:271.70,2024-06-05,none,Pay EUR 271.70 today. This leaves at least EUR 500 available over the next 90 days.
request_113,24065.36,affordable_later,wait,2026-09-15:36500,2026-09-15,none,"Pay INR 36,500 in full on 15 September 2026. Paying earlier would take the balance below the INR 82,300 minimum."
request_114,0,not_affordable,not_recommended,none,,none,"Do not make this payment by 14 January 2026. None of the available options keeps the INR 113,400 minimum protected."
request_115,14648.43,affordable_later,wait,2024-11-15:80500,2024-11-15,none,"Pay INR 80,500 in full on 15 November 2024. Paying earlier would take the balance below the INR 38,800 minimum."
request_116,6103.08,not_affordable,not_recommended,none,,none,"Do not make this payment by 16 April 2025. None of the available options keeps the INR 80,300 minimum protected."
request_117,859.11,affordable_with_plan,full_payment,2026-07-05:880,2026-07-15,reduce_to:event_10833:11|reduce_to:event_10878:20.50,"Reduce the family streaming plan to EUR 11 and reduce the weekend food delivery to EUR 20.50, then pay EUR 880 today. This leaves at least EUR 1,000 available."
request_118,696.25,affordable_with_plan,installments,2024-12-07:255.87|2025-01-07:255.87|2025-02-07:255.87,2024-12-15,none,"Use 3 installments of EUR 255.87, starting 7 December 2024. This leaves at least EUR 600 available."
request_119,54512,not_affordable,not_recommended,none,2025-06-15,none,"Do not make this payment by 17 July 2025. None of the available options keeps the INR 151,200 minimum protected."
request_120,7714000,affordable_now,full_payment,2026-04-06:7714000,2026-04-06,none,"Pay IDR 7,714,000 today. This leaves at least IDR 20,050,300 available over the next 90 days."
request_121,633.60,affordable_now,full_payment,2024-03-03:633.60,2024-03-03,none,Pay USD 633.60 today. This leaves at least USD 800 available over the next 90 days.
request_122,17470728.03,not_affordable,not_recommended,none,,none,"Do not make this payment by 2 October 2025. None of the available options keeps the IDR 12,588,500 minimum protected."
request_123,0,not_affordable,not_recommended,none,,none,"Do not make this payment by 28 March 2026. None of the available options keeps the IDR 18,091,200 minimum protected."
request_124,1392.45,not_affordable,not_recommended,none,2024-07-15,none,"Do not make this payment by 20 August 2024. None of the available options keeps the EUR 1,600 minimum protected."
request_125,6468,affordable_now,full_payment,2025-11-06:6468,2025-11-06,none,"Pay ZAR 6,468 today. This leaves at least ZAR 11,300 available over the next 90 days."
request_126,55560.82,not_affordable,not_recommended,none,,none,"Do not make this payment by 17 July 2026. None of the available options keeps the INR 129,700 minimum protected."
request_127,9300.45,affordable_later,wait,2024-10-15:23980,2024-10-15,none,"Pay ZAR 23,980 in full on 15 October 2024. Paying earlier would take the balance below the ZAR 41,000 minimum."
request_128,25168,affordable_now,full_payment,2025-02-07:25168,2025-02-07,none,"Pay ZAR 25,168 today. This leaves at least ZAR 42,600 available over the next 90 days."
request_129,111.57,not_affordable,not_recommended,none,,none,Do not make this payment by 18 June 2026. None of the available options keeps the USD 800 minimum protected.
request_130,368.08,affordable_later,wait,2025-02-15:1978.80,2025-02-15,none,"Pay USD 1,978.80 in full on 15 February 2025. Paying earlier would take the balance below the USD 1,400 minimum."
request_131,1188.04,not_affordable,not_recommended,none,2025-06-23,none,"Do not make this payment by 8 July 2025. None of the available options keeps the USD 1,100 minimum protected."
request_132,0,not_affordable,not_recommended,none,,none,"Do not make this payment by 25 February 2026. None of the available options keeps the USD 1,100 minimum protected."
request_133,15770000,not_affordable,not_recommended,none,2024-03-07,none,"Do not make this payment by 29 March 2024. None of the available options keeps the IDR 9,986,200 minimum protected."
request_134,4953956.85,affordable_later,wait,2025-10-15:21831000,2025-10-15,none,"Pay IDR 21,831,000 in full on 15 October 2025. Paying earlier would take the balance below the IDR 15,902,500 minimum."
request_135,283.19,affordable_with_plan,full_payment,2026-07-06:304.80,2026-07-15,reduce_to:event_12413:11.50|reduce_to:event_12458:17.50,"Reduce the video streaming plan to USD 11.50 and reduce the lunch with colleagues to USD 17.50, then pay USD 304.80 today. This leaves at least USD 500 available."
request_136,528.50,affordable_with_plan,full_payment,2024-06-03:560.40,2024-06-15,reduce_to:event_12498:27.20,"Reduce the household shopping to USD 27.20, then pay USD 560.40 today. This leaves at least USD 1,100 available."
request_137,25682.48,affordable_later,wait,2026-01-15:80100,2026-01-15,none,"Pay INR 80,100 in full on 15 January 2026. Paying earlier would take the balance below the INR 71,800 minimum."
request_138,1009.93,affordable_with_plan,partial_payment,2026-04-07:1009.93|2026-04-15:247.01,2026-04-15,none,"Pay EUR 1,009.93 today and the remaining EUR 247.01 on 15 April 2026. This completes the full request and keeps the EUR 2,300 minimum protected."
request_139,1778.99,not_affordable,not_recommended,none,2024-10-15,none,"Do not make this payment by 17 November 2024. None of the available options keeps the USD 1,500 minimum protected."
request_140,1428.81,not_affordable,not_recommended,none,,none,"Do not make this payment by 4 March 2025. None of the available options keeps the ZAR 21,600 minimum protected."
request_141,24134.95,not_affordable,not_recommended,none,,none,"Do not proceed with the INR 171,600 request. Although INR 24,134.95 is available today, the full amount cannot be completed safely within 90 days."
request_142,625.75,not_affordable,not_recommended,none,,none,"Do not make this payment by 4 February 2025. None of the available options keeps the USD 1,700 minimum protected."
request_143,2506.63,affordable_later,wait,2025-07-15:12584,2025-07-15,none,"Pay ZAR 12,584 in full on 15 July 2025. Paying earlier would take the balance below the ZAR 11,300 minimum."
request_144,211.60,affordable_later,wait,2026-07-15:233.34,2026-07-15,none,Pay USD 233.34 in full on 15 July 2026. Paying earlier would take the balance below the USD 600 minimum.
request_145,44648.81,not_affordable,not_recommended,none,2024-05-15,none,"Do not make this payment by 26 May 2024. None of the available options keeps the INR 155,400 minimum protected."
request_146,13161.50,not_affordable,not_recommended,none,,none,"Do not make this payment by 17 October 2025. None of the available options keeps the INR 108,600 minimum protected."
request_147,477.46,affordable_with_plan,installments,2026-04-08:391.63|2026-05-08:391.63|2026-06-07:391.63,2026-05-15,none,"Use 3 installments of EUR 391.63, starting 8 April 2026. This leaves at least EUR 900 available."
request_148,7127.02,not_affordable,not_recommended,none,2024-08-15,none,"Do not make this payment by 18 August 2024. None of the available options keeps the ZAR 20,000 minimum protected."
request_149,24908.46,affordable_with_plan,installments,2025-11-18:12706.03|2025-12-16:12706.03|2026-01-13:12706.03,2025-12-15,none,"Use 3 installments of ZAR 12,706.03, starting 18 November 2025. This leaves at least ZAR 42,100 available."
request_150,0,not_affordable,not_recommended,none,,none,Do not make this payment by 16 March 2026. None of the available options keeps the EUR 700 minimum protected.
request_151,26999000,affordable_now,full_payment,2024-09-03:26999000,2024-09-03,none,"Pay IDR 26,999,000 today. This leaves at least IDR 31,633,600 available over the next 90 days."
request_152,11882.05,not_affordable,not_recommended,none,2025-04-15,none,"Do not make this payment by 13 April 2025. None of the available options keeps the ZAR 11,900 minimum protected."
request_153,83.37,not_affordable,not_recommended,none,,none,"Do not make this payment by 24 September 2026. None of the available options keeps the USD 1,400 minimum protected."
request_154,1625.80,not_affordable,not_recommended,none,2024-12-04,none,"Do not make this payment by 14 February 2025. None of the available options keeps the EUR 1,300 minimum protected."
request_155,112500,affordable_now,full_payment,2025-05-06:112500,2025-05-06,none,"Pay INR 112,500 today. This leaves at least INR 56,300 available over the next 90 days."
request_156,7266.01,affordable_later,wait,2026-06-15:43076,2026-06-15,none,"Pay ZAR 43,076 in full on 15 June 2026. Paying earlier would take the balance below the ZAR 26,900 minimum."
request_157,4775248.01,affordable_later,wait,2024-05-15:23503000,2024-05-15,none,"Pay IDR 23,503,000 in full on 15 May 2024. Paying earlier would take the balance below the IDR 15,714,100 minimum."
request_158,213011.07,not_affordable,not_recommended,none,,none,"Do not make this payment by 2 October 2025. None of the available options keeps the INR 131,400 minimum protected."
request_159,12093.46,not_affordable,not_recommended,none,,none,"Do not proceed with the ZAR 13,398 request. Although ZAR 12,093.46 is available today, the full amount cannot be completed safely within 90 days."
request_160,569.52,affordable_with_plan,installments,2024-06-13:432.05|2024-07-14:432.05|2024-08-14:432.05,2024-07-15,none,"Use 3 installments of EUR 432.05, starting 13 June 2024. This leaves at least EUR 1,200 available."
request_161,0,not_affordable,not_recommended,none,,none,"Do not make this payment by 15 January 2026. None of the available options keeps the IDR 23,010,400 minimum protected."
request_162,1255094.80,not_affordable,not_recommended,none,,none,"Do not make this payment by 26 August 2026. None of the available options keeps the IDR 24,161,100 minimum protected."
request_163,9236470.16,not_affordable,not_recommended,none,2024-10-15,none,"Do not make this payment by 15 November 2024. None of the available options keeps the IDR 26,728,700 minimum protected."
request_164,27018000,affordable_with_plan,installments,2025-02-11:9366240|2025-03-11:9366240|2025-04-08:9366240,2025-02-04,none,"Use 3 installments of IDR 9,366,240, starting 11 February 2025. This leaves at least IDR 29,550,500 available."
request_165,76447.02,affordable_with_plan,full_payment,2026-04-06:80600,,stop:event_15134|reduce_to:event_15135:1665,"Stop the cloud storage plan and reduce the video streaming plan to INR 1,665, then pay INR 80,600 today. This leaves at least INR 95,000 available."
request_166,2907.60,affordable_with_plan,installments,2024-12-03:1007.97|2025-01-03:1007.97|2025-02-03:1007.97,2024-12-03,none,"Use 3 installments of USD 1,007.97, starting 3 December 2024. This leaves at least USD 1,700 available."
request_167,43802,affordable_now,full_payment,2025-05-05:43802,2025-05-05,none,"Pay ZAR 43,802 today. This leaves at least ZAR 31,200 available over the next 90 days."
request_168,0,not_affordable,not_recommended,none,,none,"Do not make this payment by 16 March 2026. None of the available options keeps the INR 114,400 minimum protected."
request_169,41976,affordable_now,full_payment,2024-03-04:41976,2024-03-04,none,"Pay ZAR 41,976 today. This leaves at least ZAR 18,700 available over the next 90 days."
request_170,30606539.73,affordable_with_plan,installments,2025-08-06:12804480|2025-09-03:12804480|2025-10-01:12804480,2025-09-15,none,"Use 3 installments of IDR 12,804,480, starting 6 August 2025. This leaves at least IDR 24,715,800 available."
request_171,33.02,not_affordable,not_recommended,none,,none,Do not make this payment by 10 September 2026. None of the available options keeps the EUR 500 minimum protected.
request_172,10200,affordable_with_plan,installments,2024-06-05:5304|2024-07-03:5304,2024-06-05,none,"Use 2 installments of ZAR 5,304, starting 5 June 2024. This leaves at least ZAR 27,200 available."
request_173,63925.28,affordable_with_plan,installments,2025-11-21:39173.33|2025-12-19:39173.33|2026-01-16:39173.33,2026-01-15,none,"Use 3 installments of INR 39,173.33, starting 21 November 2025. This leaves at least INR 79,100 available."
request_174,1075.32,not_affordable,not_recommended,none,,none,Do not make this payment by 7 June 2026. None of the available options keeps the EUR 700 minimum protected.
request_175,2346.30,affordable_now,full_payment,2024-09-06:2346.30,2024-09-06,none,"Pay EUR 2,346.30 today. This leaves at least EUR 1,700 available over the next 90 days."
request_176,26.41,not_affordable,not_recommended,none,,none,Do not make this payment by 27 February 2025. None of the available options keeps the EUR 600 minimum protected.
request_177,84.39,not_affordable,not_recommended,none,,none,"Do not make this payment by 25 January 2026. None of the available options keeps the USD 1,300 minimum protected."
request_178,2694.35,not_affordable,not_recommended,none,,none,"Do not make this payment by 12 February 2025. None of the available options keeps the EUR 1,400 minimum protected."
request_179,21354684.75,affordable_later,wait,2025-07-15:41648000,2025-07-15,none,"Pay IDR 41,648,000 in full on 15 July 2025. Paying earlier would take the balance below the IDR 41,430,800 minimum."
request_180,66500,affordable_now,full_payment,2026-07-06:66500,2026-07-06,none,"Pay INR 66,500 today. This leaves at least INR 37,300 available over the next 90 days."
request_181,183.15,not_affordable,not_recommended,none,,none,"Do not make this payment by 7 April 2024. None of the available options keeps the USD 2,000 minimum protected."
request_182,65714,affordable_now,full_payment,2025-08-05:65714,2025-08-05,none,"Pay ZAR 65,714 today. This leaves at least ZAR 31,100 available over the next 90 days."
request_183,22982284.10,not_affordable,not_recommended,none,2026-05-15,none,"Do not make this payment by 18 June 2026. None of the available options keeps the IDR 11,878,300 minimum protected."
request_184,7134.15,not_affordable,not_recommended,none,,none,"Do not make this payment by 30 July 2024. None of the available options keeps the INR 110,800 minimum protected."
request_185,405.10,affordable_later,wait,2026-01-15:1257.30,2026-01-15,none,"Pay EUR 1,257.30 in full on 15 January 2026. Paying earlier would take the balance below the EUR 1,300 minimum."
request_186,0,not_affordable,not_recommended,none,,none,"Do not make this payment by 15 March 2026. None of the available options keeps the ZAR 22,000 minimum protected."
request_187,37844.44,affordable_later,wait,2024-11-15:187500,2024-11-15,none,"Pay INR 187,500 in full on 15 November 2024. Paying earlier would take the balance below the INR 128,300 minimum."
request_188,182.94,not_affordable,not_recommended,none,,none,Do not make this payment by 4 March 2025. None of the available options keeps the EUR 900 minimum protected.
request_189,488.40,affordable_now,full_payment,2026-07-04:488.40,2026-07-04,none,Pay EUR 488.40 today. This leaves at least EUR 400 available over the next 90 days.
request_190,629.71,affordable_later,wait,2025-02-15:2557.50,2025-02-15,none,"Pay EUR 2,557.50 in full on 15 February 2025. Paying earlier would take the balance below the EUR 1,600 minimum."
request_191,664.40,affordable_now,full_payment,2025-05-03:664.40,2025-05-03,none,Pay EUR 664.40 today. This leaves at least EUR 500 available over the next 90 days.
request_192,183.50,not_affordable,not_recommended,none,,none,"Do not make this payment by 11 May 2026. None of the available options keeps the USD 1,000 minimum protected."
request_193,33.62,affordable_with_plan,installments,2024-03-21:420.23|2024-04-21:420.23|2024-05-22:420.23,2024-05-15,none,"Use 3 installments of EUR 420.23, starting 21 March 2024. This leaves at least EUR 1,000 available."
request_194,33083.28,affordable_later,wait,2025-10-23:132800,2025-10-23,none,"Pay INR 132,800 in full on 23 October 2025. Paying earlier would take the balance below the INR 113,600 minimum."
request_195,51.94,not_affordable,not_recommended,none,,none,Do not make this payment by 11 March 2026. None of the available options keeps the EUR 700 minimum protected.
request_196,762.30,affordable_now,full_payment,2024-06-03:762.30,2024-06-03,none,Pay EUR 762.30 today. This leaves at least EUR 500 available over the next 90 days.
request_197,0,not_affordable,not_recommended,none,,none,"Do not make this payment by 21 January 2026. None of the available options keeps the IDR 26,245,900 minimum protected."
request_198,185800,affordable_now,full_payment,2026-07-07:185800,2026-07-07,none,"Pay INR 185,800 today. This leaves at least INR 124,300 available over the next 90 days."
request_199,23674000,affordable_with_plan,installments,2024-09-07:8206986.67|2024-10-08:8206986.67|2024-11-08:8206986.67,2024-09-04,none,"Use 3 installments of IDR 8,206,986.67, starting 7 September 2024. This leaves at least IDR 25,359,500 available."
request_200,21717000,affordable_now,full_payment,2025-02-06:21717000,2025-02-06,none,"Pay IDR 21,717,000 today. This leaves at least IDR 20,114,600 available over the next 90 days."
request_201,23997000,affordable_now,full_payment,2026-04-03:23997000,2026-04-03,none,"Pay IDR 23,997,000 today. This leaves at least IDR 17,304,500 available over the next 90 days."
request_202,123900,affordable_now,full_payment,2024-12-05:123900,2024-12-05,none,"Pay INR 123,900 today. This leaves at least INR 147,800 available over the next 90 days."
request_203,972.52,not_affordable,not_recommended,none,,none,"Do not make this payment by 8 July 2025. None of the available options keeps the EUR 1,400 minimum protected."
request_204,489.46,affordable_later,wait,2026-01-15:588.74,2026-01-15,none,"Pay EUR 588.74 in full on 15 January 2026. Paying earlier would take the balance below the EUR 1,300 minimum."
request_205,10621000,affordable_now,full_payment,2024-03-06:10621000,2024-03-06,none,"Pay IDR 10,621,000 today. This leaves at least IDR 13,994,300 available over the next 90 days."
request_206,1404.70,affordable_with_plan,installments,2025-08-03:486.96|2025-08-31:486.96|2025-09-28:486.96,2025-08-03,none,"Use 3 installments of EUR 486.96, starting 3 August 2025. This leaves at least EUR 900 available."
request_207,6969.76,affordable_later,wait,2026-07-15:11830,2026-07-15,none,"Pay ZAR 11,830 in full on 15 July 2026. Paying earlier would take the balance below the ZAR 13,600 minimum."
request_208,3040802.28,affordable_later,wait,2024-06-15:4413000,2024-06-15,none,"Pay IDR 4,413,000 in full on 15 June 2024. Paying earlier would take the balance below the IDR 10,470,700 minimum."
request_209,1660.21,not_affordable,not_recommended,none,,none,"Do not make this payment by 25 November 2025. None of the available options keeps the ZAR 18,400 minimum protected."
request_210,989.08,affordable_with_plan,partial_payment,2026-04-06:989.08|2026-04-15:370.94,2026-04-15,none,"Pay USD 989.08 today and the remaining USD 370.94 on 15 April 2026. This completes the full request and keeps the USD 2,000 minimum protected."
request_211,315.84,affordable_later,wait,2024-11-15:1788.60,2024-11-15,none,"Pay EUR 1,788.60 in full on 15 November 2024. Paying earlier would take the balance below the EUR 1,500 minimum."
request_212,4935740.28,not_affordable,not_recommended,none,,none,"Do not proceed with the IDR 71,934,000 request. Although IDR 4,935,740.28 is available today, the full amount cannot be completed safely within 90 days."
request_213,3362.40,affordable_with_plan,installments,2026-01-21:1165.63|2026-02-20:1165.63|2026-03-22:1165.63,2026-01-07,none,"Use 3 installments of USD 1,165.63, starting 21 January 2026. This leaves at least USD 2,100 available."
request_214,39857.16,affordable_with_plan,partial_payment,2024-12-04:39857.16|2024-12-15:29892.84,2024-12-15,none,"Pay INR 39,857.16 today and the remaining INR 29,892.84 on 15 December 2024. This completes the full request and keeps the INR 174,900 minimum protected."
request_215,27711.58,not_affordable,not_recommended,none,,none,"Do not make this payment by 10 July 2025. None of the available options keeps the ZAR 15,700 minimum protected."
request_216,391.22,affordable_later,wait,2026-09-15:3332.40,2026-09-15,none,"Pay USD 3,332.40 in full on 15 September 2026. Paying earlier would take the balance below the USD 1,800 minimum."
request_217,19583.40,affordable_with_plan,installments,2024-03-19:12889.07|2024-04-19:12889.07|2024-05-20:12889.07,2024-05-15,none,"Use 3 installments of ZAR 12,889.07, starting 19 March 2024. This leaves at least ZAR 26,800 available."
request_218,25992351.66,affordable_with_plan,installments,2025-08-07:21195893.33|2025-09-04:21195893.33|2025-10-02:21195893.33,2025-09-15,none,"Use 3 installments of IDR 21,195,893.33, starting 7 August 2025. This leaves at least IDR 34,477,200 available."
request_219,1315.23,affordable_with_plan,installments,2026-04-07:580.01|2026-05-07:580.01|2026-06-06:580.01,2026-04-15,none,"Use 3 installments of EUR 580.01, starting 7 April 2026. This leaves at least EUR 1,100 available."
request_220,72.34,not_affordable,not_recommended,none,,none,"Do not proceed with the EUR 3,118.50 request. Although EUR 72.34 is available today, the full amount cannot be completed safely within 90 days."
request_221,109800,affordable_now,full_payment,2025-11-03:109800,2025-11-03,none,"Pay INR 109,800 today. This leaves at least INR 81,500 available over the next 90 days."
request_222,31792.26,not_affordable,not_recommended,none,,none,"Do not make this payment by 10 March 2026. None of the available options keeps the ZAR 27,300 minimum protected."
request_223,898.70,affordable_now,full_payment,2024-09-07:898.70,2024-09-07,none,Pay EUR 898.70 today. This leaves at least EUR 800 available over the next 90 days.
request_224,8763366.61,affordable_with_plan,partial_payment,2025-02-04:8763366.61|2025-02-15:1563633.39,2025-02-15,none,"Pay IDR 8,763,366.61 today and the remaining IDR 1,563,633.39 on 15 February 2025. This completes the full request and keeps the IDR 22,187,600 minimum protected."
request_225,10884562.70,affordable_with_plan,installments,2026-07-20:7647120|2026-08-19:7647120|2026-09-18:7647120,2026-09-15,none,"Use 3 installments of IDR 7,647,120, starting 20 July 2026. This leaves at least IDR 17,670,700 available."
request_226,157000,affordable_now,full_payment,2024-12-03:157000,2024-12-03,none,"Pay INR 157,000 today. This leaves at least INR 209,400 available over the next 90 days."
request_227,17817.26,not_affordable,not_recommended,none,,none,"Do not make this payment by 20 June 2025. None of the available options keeps the INR 62,900 minimum protected."
request_228,4588001.62,not_affordable,not_recommended,none,,none,"Do not make this payment by 30 April 2026. None of the available options keeps the IDR 26,191,200 minimum protected."
request_229,434.66,affordable_with_plan,installments,2024-03-18:529.29|2024-04-18:529.29|2024-05-19:529.29,2024-05-15,none,"Use 3 installments of EUR 529.29, starting 18 March 2024. This leaves at least EUR 1,000 available."
request_230,3537.60,affordable_now,full_payment,2025-08-06:3537.60,2025-08-06,none,"Pay EUR 3,537.60 today. This leaves at least EUR 2,000 available over the next 90 days."
request_231,31593.77,not_affordable,not_recommended,none,2026-02-15,none,"Do not make this payment by 17 March 2026. None of the available options keeps the ZAR 24,300 minimum protected."
request_232,758.05,affordable_later,wait,2024-08-15:1970.10,2024-08-15,none,"Pay EUR 1,970.10 in full on 15 August 2024. Paying earlier would take the balance below the EUR 2,400 minimum."
request_233,0,not_affordable,not_recommended,none,,none,"Do not make this payment by 17 December 2025. None of the available options keeps the IDR 10,365,700 minimum protected."
request_234,269.19,affordable_later,wait,2026-09-15:1213.30,2026-09-15,none,"Pay EUR 1,213.30 in full on 15 September 2026. Paying earlier would take the balance below the EUR 700 minimum."
request_235,967.20,affordable_now,full_payment,2024-09-06:967.20,2024-09-06,none,Pay USD 967.20 today. This leaves at least USD 700 available over the next 90 days.
request_236,4962210.95,not_affordable,not_recommended,none,,none,"Do not proceed with the IDR 52,383,000 request. Although IDR 4,962,210.95 is available today, the full amount cannot be completed safely within 90 days."
request_237,23826000,affordable_now,full_payment,2026-04-05:23826000,2026-04-05,none,"Pay IDR 23,826,000 today. This leaves at least IDR 22,431,500 available over the next 90 days."
request_238,663.60,affordable_with_plan,installments,2024-12-07:230.05|2025-01-07:230.05|2025-02-07:230.05,2024-12-07,none,"Use 3 installments of USD 230.05, starting 7 December 2024. This leaves at least USD 700 available."
request_239,642,affordable_now,full_payment,2025-05-04:642,2025-05-04,none,Pay USD 642 today. This leaves at least USD 600 available over the next 90 days.
request_240,13746.71,not_affordable,not_recommended,none,,none,"Do not proceed with the INR 101,200 request. Although INR 13,746.71 is available today, the full amount cannot be completed safely within 90 days."
request_241,21052000,not_affordable,not_recommended,none,2024-03-03,none,"Do not make this payment by 25 May 2024. None of the available options keeps the IDR 19,252,000 minimum protected."
request_242,0,not_affordable,not_recommended,none,,none,Do not make this payment by 25 August 2025. None of the available options keeps the EUR 600 minimum protected.
request_243,17468,affordable_now,full_payment,2026-07-07:17468,2026-07-07,none,"Pay ZAR 17,468 today. This leaves at least ZAR 19,900 available over the next 90 days."
request_244,49918,affordable_now,full_payment,2024-06-04:49918,2024-06-04,none,"Pay ZAR 49,918 today. This leaves at least ZAR 45,900 available over the next 90 days."
request_245,31935.84,affordable_later,wait,2026-01-15:128500,2026-01-15,none,"Pay INR 128,500 in full on 15 January 2026. Paying earlier would take the balance below the INR 94,600 minimum."
request_246,64086,affordable_with_plan,installments,2026-04-03:22216.48|2026-05-03:22216.48|2026-06-02:22216.48,2026-04-03,none,"Use 3 installments of ZAR 22,216.48, starting 3 April 2026. This leaves at least ZAR 39,300 available."
request_247,1059.30,affordable_now,full_payment,2024-09-05:1059.30,2024-09-05,none,"Pay EUR 1,059.30 today. This leaves at least EUR 1,300 available over the next 90 days."
request_248,330.34,not_affordable,not_recommended,none,,none,"Do not proceed with the USD 1,965.60 request. Although USD 330.34 is available today, the full amount cannot be completed safely within 90 days."
request_249,0,not_affordable,not_recommended,none,,none,Do not make this payment by 15 March 2026. None of the available options keeps the USD 600 minimum protected.
request_250,15440.18,not_affordable,not_recommended,none,,none,"Do not proceed with the ZAR 124,278 request. Although ZAR 15,440.18 is available today, the full amount cannot be completed safely within 90 days."
request_251,132.62,not_affordable,not_recommended,none,,none,"Do not make this payment by 6 June 2025. None of the available options keeps the EUR 1,300 minimum protected."
request_252,4909324.80,affordable_later,wait,2026-09-15:28082000,2026-09-15,none,"Pay IDR 28,082,000 in full on 15 September 2026. Paying earlier would take the balance below the IDR 15,152,200 minimum."
request_253,1370.83,affordable_with_plan,installments,2024-03-21:984.60|2024-04-21:984.60|2024-05-22:984.60,2024-05-15,none,"Use 3 installments of EUR 984.60, starting 21 March 2024. This leaves at least EUR 2,300 available."
request_254,778.21,affordable_later,wait,2025-10-15:3535.20,2025-10-15,none,"Pay USD 3,535.20 in full on 15 October 2025. Paying earlier would take the balance below the USD 2,500 minimum."
request_255,750746.03,not_affordable,not_recommended,none,,none,"Do not proceed with the IDR 3,345,000 request. Although IDR 750,746.03 is available today, the full amount cannot be completed safely within 90 days."
request_256,148986.72,not_affordable,not_recommended,none,2024-07-15,none,"Do not make this payment by 19 August 2024. None of the available options keeps the INR 168,600 minimum protected."
request_257,401.62,affordable_later,wait,2026-01-15:1352.40,2026-01-15,none,"Pay USD 1,352.40 in full on 15 January 2026. Paying earlier would take the balance below the USD 1,600 minimum."
request_258,1113.60,affordable_now,full_payment,2026-01-07:1113.60,2026-01-07,none,"Pay USD 1,113.60 today. This leaves at least USD 500 available over the next 90 days."
request_259,416.69,affordable_later,wait,2024-10-15:935,2024-10-15,none,Pay EUR 935 in full on 15 October 2024. Paying earlier would take the balance below the EUR 600 minimum.
request_260,7209123.47,not_affordable,not_recommended,none,,none,"Do not proceed with the IDR 52,079,000 request. Although IDR 7,209,123.47 is available today, the full amount cannot be completed safely within 90 days."
request_261,1830.40,affordable_now,full_payment,2026-07-03:1830.40,2026-07-03,none,"Pay EUR 1,830.40 today. This leaves at least EUR 1,500 available over the next 90 days."
request_262,9236000,affordable_now,full_payment,2024-12-05:9236000,2024-12-05,none,"Pay IDR 9,236,000 today. This leaves at least IDR 31,018,500 available over the next 90 days."
request_263,5805.03,not_affordable,not_recommended,none,,none,"Do not proceed with the ZAR 51,546 request. Although ZAR 5,805.03 is available today, the full amount cannot be completed safely within 90 days."
request_264,23492.15,affordable_later,wait,2026-06-15:111300,2026-06-15,none,"Pay INR 111,300 in full on 15 June 2026. Paying earlier would take the balance below the INR 59,500 minimum."
request_265,45970,affordable_now,full_payment,2024-03-06:45970,2024-03-06,none,"Pay INR 45,970 today. This leaves at least INR 189,700 available over the next 90 days."
request_266,935,affordable_with_plan,installments,2025-08-03:324.13|2025-08-31:324.13|2025-09-28:324.13,2025-08-03,none,"Use 3 installments of EUR 324.13, starting 3 August 2025. This leaves at least EUR 900 available."
request_267,1641.71,not_affordable,not_recommended,none,2026-02-15,none,"Do not make this payment by 17 March 2026. None of the available options keeps the EUR 1,500 minimum protected."
request_268,1041.50,affordable_with_plan,installments,2024-06-14:841.22|2024-07-15:841.22|2024-08-15:841.22,2024-07-15,none,"Use 3 installments of EUR 841.22, starting 14 June 2024. This leaves at least EUR 1,400 available."
request_269,0,not_affordable,not_recommended,none,,none,"Do not make this payment by 2 January 2026. None of the available options keeps the ZAR 23,100 minimum protected."
request_270,96.77,not_affordable,not_recommended,none,,none,"Do not make this payment by 30 August 2026. None of the available options keeps the USD 1,400 minimum protected."
request_271,17663.38,affordable_later,wait,2024-11-15:91300,2024-11-15,none,"Pay INR 91,300 in full on 15 November 2024. Paying earlier would take the balance below the INR 58,200 minimum."
request_272,5989943.74,affordable_with_plan,installments,2025-02-12:4709466.67|2025-03-12:4709466.67|2025-04-09:4709466.67,2025-03-15,none,"Use 3 installments of IDR 4,709,466.67, starting 12 February 2025. This leaves at least IDR 7,508,600 available."
request_273,9628167.38,affordable_with_plan,partial_payment,2026-04-07:9628167.38|2026-04-15:6232832.62,2026-04-15,none,"Pay IDR 9,628,167.38 today and the remaining IDR 6,232,832.62 on 15 April 2026. This completes the full request and keeps the IDR 18,774,600 minimum protected."
request_274,2112.08,not_affordable,not_recommended,none,2025-02-15,none,"Do not make this payment by 11 February 2025. None of the available options keeps the EUR 1,800 minimum protected."
request_275,15884000,affordable_now,full_payment,2025-05-06:15884000,2025-05-06,none,"Pay IDR 15,884,000 today. This leaves at least IDR 12,760,100 available over the next 90 days."
